slug,status,canonical
a-arrow-down,canonical,a-arrow-down
a-arrow-up,canonical,a-arrow-up
a-large-small,canonical,a-large-small
accessibility,canonical,accessibility
activity-square,deprecated,square-activity
activity,canonical,activity
ad,canonical,ad
air-vent,canonical,air-vent
airplay,canonical,airplay
alarm-check,deprecated,alarm-clock-check
alarm-clock-check,canonical,alarm-clock-check
alarm-clock-minus,canonical,alarm-clock-minus
alarm-clock-off,canonical,alarm-clock-off
alarm-clock-plus,canonical,alarm-clock-plus
alarm-clock,canonical,alarm-clock
alarm-minus,deprecated,alarm-clock-minus
alarm-plus,deprecated,alarm-clock-plus
alarm-smoke,canonical,alarm-smoke
album,canonical,album
alert-circle,deprecated,circle-alert
alert-octagon,deprecated,octagon-alert
alert-triangle,deprecated,triangle-alert
align-center-horizontal,canonical,align-center-horizontal
align-center-vertical,canonical,align-center-vertical
align-center,deprecated,text-align-center
align-end-horizontal,canonical,align-end-horizontal
align-end-vertical,canonical,align-end-vertical
align-horizontal-distribute-center,canonical,align-horizontal-distribute-center
align-horizontal-distribute-end,canonical,align-horizontal-distribute-end
align-horizontal-distribute-start,canonical,align-horizontal-distribute-start
align-horizontal-justify-center,canonical,align-horizontal-justify-center
align-horizontal-justify-end,canonical,align-horizontal-justify-end
align-horizontal-justify-start,canonical,align-horizontal-justify-start
align-horizontal-space-around,canonical,align-horizontal-space-around
align-horizontal-space-between,canonical,align-horizontal-space-between
align-justify,deprecated,text-align-justify
align-left,deprecated,text-align-start
align-right,deprecated,text-align-end
align-start-horizontal,canonical,align-start-horizontal
align-start-vertical,canonical,align-start-vertical
align-vertical-distribute-center,canonical,align-vertical-distribute-center
align-vertical-distribute-end,canonical,align-vertical-distribute-end
align-vertical-distribute-start,canonical,align-vertical-distribute-start
align-vertical-justify-center,canonical,align-vertical-justify-center
align-vertical-justify-end,canonical,align-vertical-justify-end
align-vertical-justify-start,canonical,align-vertical-justify-start
align-vertical-space-around,canonical,align-vertical-space-around
align-vertical-space-between,canonical,align-vertical-space-between
ambulance,canonical,ambulance
ampersand,canonical,ampersand
ampersands,canonical,ampersands
amphora,canonical,amphora
anchor,canonical,anchor
angle,canonical,angle
angry,deprecated,face-angry
annoyed,deprecated,face-expressionless
antenna,canonical,antenna
anvil,canonical,anvil
aperture,canonical,aperture
app-window-mac,canonical,app-window-mac
app-window,canonical,app-window
apple,canonical,apple
archive-restore,canonical,archive-restore
archive-x,canonical,archive-x
archive,canonical,archive
area-chart,deprecated,chart-area
armchair,canonical,armchair
arrow-big-down-dash,canonical,arrow-big-down-dash
arrow-big-down,canonical,arrow-big-down
arrow-big-left-dash,canonical,arrow-big-left-dash
arrow-big-left,canonical,arrow-big-left
arrow-big-right-dash,canonical,arrow-big-right-dash
arrow-big-right,canonical,arrow-big-right
arrow-big-up-dash,canonical,arrow-big-up-dash
arrow-big-up,canonical,arrow-big-up
arrow-down-0-1,canonical,arrow-down-0-1
arrow-down-01,deprecated,arrow-down-0-1
arrow-down-1-0,canonical,arrow-down-1-0
arrow-down-10,deprecated,arrow-down-1-0
arrow-down-a-z,canonical,arrow-down-a-z
arrow-down-az,deprecated,arrow-down-a-z
arrow-down-circle,deprecated,circle-arrow-down
arrow-down-from-line,canonical,arrow-down-from-line
arrow-down-left-from-circle,deprecated,circle-arrow-out-down-left
arrow-down-left-from-square,deprecated,square-arrow-out-down-left
arrow-down-left-square,deprecated,square-arrow-down-left
arrow-down-left,canonical,arrow-down-left
arrow-down-narrow-wide,canonical,arrow-down-narrow-wide
arrow-down-right-from-circle,deprecated,circle-arrow-out-down-right
arrow-down-right-from-square,deprecated,square-arrow-out-down-right
arrow-down-right-square,deprecated,square-arrow-down-right
arrow-down-right,canonical,arrow-down-right
arrow-down-square,deprecated,square-arrow-down
arrow-down-to-dot,canonical,arrow-down-to-dot
arrow-down-to-line,canonical,arrow-down-to-line
arrow-down-up,canonical,arrow-down-up
arrow-down-wide-narrow,canonical,arrow-down-wide-narrow
arrow-down-z-a,canonical,arrow-down-z-a
arrow-down-za,deprecated,arrow-down-z-a
arrow-down,canonical,arrow-down
arrow-left-circle,deprecated,circle-arrow-left
arrow-left-from-line,canonical,arrow-left-from-line
arrow-left-right,canonical,arrow-left-right
arrow-left-square,deprecated,square-arrow-left
arrow-left-to-line,canonical,arrow-left-to-line
arrow-left,canonical,arrow-left
arrow-right-circle,deprecated,circle-arrow-right
arrow-right-from-line,canonical,arrow-right-from-line
arrow-right-left,canonical,arrow-right-left
arrow-right-square,deprecated,square-arrow-right
arrow-right-to-line,canonical,arrow-right-to-line
arrow-right,canonical,arrow-right
arrow-up-0-1,canonical,arrow-up-0-1
arrow-up-01,deprecated,arrow-up-0-1
arrow-up-1-0,canonical,arrow-up-1-0
arrow-up-10,deprecated,arrow-up-1-0
arrow-up-a-z,canonical,arrow-up-a-z
arrow-up-az,deprecated,arrow-up-a-z
arrow-up-circle,deprecated,circle-arrow-up
arrow-up-down,canonical,arrow-up-down
arrow-up-from-dot,canonical,arrow-up-from-dot
arrow-up-from-line,canonical,arrow-up-from-line
arrow-up-left-from-circle,deprecated,circle-arrow-out-up-left
arrow-up-left-from-square,deprecated,square-arrow-out-up-left
arrow-up-left-square,deprecated,square-arrow-up-left
arrow-up-left,canonical,arrow-up-left
arrow-up-narrow-wide,canonical,arrow-up-narrow-wide
arrow-up-right-from-circle,deprecated,circle-arrow-out-up-right
arrow-up-right-from-square,deprecated,square-arrow-out-up-right
arrow-up-right-square,deprecated,square-arrow-up-right
arrow-up-right,canonical,arrow-up-right
arrow-up-square,deprecated,square-arrow-up
arrow-up-to-line,canonical,arrow-up-to-line
arrow-up-wide-narrow,canonical,arrow-up-wide-narrow
arrow-up-z-a,canonical,arrow-up-z-a
arrow-up-za,deprecated,arrow-up-z-a
arrow-up,canonical,arrow-up
arrows-up-from-line,canonical,arrows-up-from-line
asterisk-square,deprecated,square-asterisk
asterisk,canonical,asterisk
astroid,canonical,astroid
at-sign,canonical,at-sign
atom,canonical,atom
audio-lines-x,canonical,audio-lines-x
audio-lines,canonical,audio-lines
audio-waveform,canonical,audio-waveform
award,canonical,award
axe,canonical,axe
axis-3-d,deprecated,axis-3d
axis-3d,canonical,axis-3d
baby,canonical,baby
backpack,canonical,backpack
badge-alert,canonical,badge-alert
badge-cent,canonical,badge-cent
badge-check,canonical,badge-check
badge-dollar-sign,canonical,badge-dollar-sign
badge-euro,canonical,badge-euro
badge-help,deprecated,badge-question-mark
badge-indian-rupee,canonical,badge-indian-rupee
badge-info,canonical,badge-info
badge-japanese-yen,canonical,badge-japanese-yen
badge-minus,canonical,badge-minus
badge-percent,canonical,badge-percent
badge-plus,canonical,badge-plus
badge-pound-sterling,canonical,badge-pound-sterling
badge-question-mark,canonical,badge-question-mark
badge-russian-ruble,canonical,badge-russian-ruble
badge-swiss-franc,canonical,badge-swiss-franc
badge-turkish-lira,canonical,badge-turkish-lira
badge-x,canonical,badge-x
badge,canonical,badge
baggage-claim,canonical,baggage-claim
balloon,canonical,balloon
ban,canonical,ban
banana,canonical,banana
bandage,canonical,bandage
banknote-arrow-down,canonical,banknote-arrow-down
banknote-arrow-up,canonical,banknote-arrow-up
banknote-check,canonical,banknote-check
banknote-x,canonical,banknote-x
banknote,canonical,banknote
bar-chart-2,deprecated,chart-no-axes-column
bar-chart-3,deprecated,chart-column
bar-chart-4,deprecated,chart-column-increasing
bar-chart-big,deprecated,chart-column-big
bar-chart-horizontal-big,deprecated,chart-bar-big
bar-chart-horizontal,deprecated,chart-bar
bar-chart,deprecated,chart-no-axes-column-increasing
barcode,canonical,barcode
barrel,canonical,barrel
baseline,canonical,baseline
bath,canonical,bath
battery-charging,canonical,battery-charging
battery-full,canonical,battery-full
battery-low,canonical,battery-low
battery-medium,canonical,battery-medium
battery-plus,canonical,battery-plus
battery-warning,canonical,battery-warning
battery,canonical,battery
beaker,canonical,beaker
bean-off,canonical,bean-off
bean,canonical,bean
bed-double,canonical,bed-double
bed-single,canonical,bed-single
bed,canonical,bed
beef-off,canonical,beef-off
beef,canonical,beef
beer-off,canonical,beer-off
beer,canonical,beer
bell-check,canonical,bell-check
bell-dot,canonical,bell-dot
bell-electric,canonical,bell-electric
bell-minus,canonical,bell-minus
bell-off,canonical,bell-off
bell-plus,canonical,bell-plus
bell-ring,canonical,bell-ring
bell,canonical,bell
between-horizonal-end,deprecated,between-horizontal-end
between-horizonal-start,deprecated,between-horizontal-start
between-horizontal-end,canonical,between-horizontal-end
between-horizontal-start,canonical,between-horizontal-start
between-vertical-end,canonical,between-vertical-end
between-vertical-start,canonical,between-vertical-start
biceps-flexed,canonical,biceps-flexed
bike,canonical,bike
binary,canonical,binary
binoculars,canonical,binoculars
biohazard,canonical,biohazard
bird,canonical,bird
birdhouse,canonical,birdhouse
bitcoin,canonical,bitcoin
blend,canonical,blend
blender,canonical,blender
blinds,canonical,blinds
blocks,canonical,blocks
bluetooth-connected,canonical,bluetooth-connected
bluetooth-off,canonical,bluetooth-off
bluetooth-searching,canonical,bluetooth-searching
bluetooth,canonical,bluetooth
bold,canonical,bold
bolt,canonical,bolt
bomb,canonical,bomb
bone-fracture,canonical,bone-fracture
bone,canonical,bone
book-a,canonical,book-a
book-alert,canonical,book-alert
book-audio,canonical,book-audio
book-check,canonical,book-check
book-copy,canonical,book-copy
book-dashed,canonical,book-dashed
book-down,canonical,book-down
book-headphones,canonical,book-headphones
book-heart,canonical,book-heart
book-image,canonical,book-image
book-key,canonical,book-key
book-lock,canonical,book-lock
book-marked,canonical,book-marked
book-minus,canonical,book-minus
book-open-check,canonical,book-open-check
book-open-text,canonical,book-open-text
book-open,canonical,book-open
book-plus,canonical,book-plus
book-search,canonical,book-search
book-template,deprecated,book-dashed
book-text,canonical,book-text
book-type,canonical,book-type
book-up-2,canonical,book-up-2
book-up,canonical,book-up
book-user,canonical,book-user
book-x,canonical,book-x
book,canonical,book
bookmark-check,canonical,bookmark-check
bookmark-minus,canonical,bookmark-minus
bookmark-off,canonical,bookmark-off
bookmark-plus,canonical,bookmark-plus
bookmark-x,canonical,bookmark-x
bookmark,canonical,bookmark
boom-box,canonical,boom-box
bot-message-square,canonical,bot-message-square
bot-off,canonical,bot-off
bot,canonical,bot
bottle-wine,canonical,bottle-wine
bow-arrow,canonical,bow-arrow
box-select,deprecated,square-dashed
box,canonical,box
boxes,canonical,boxes
braces,canonical,braces
brackets,canonical,brackets
brain-circuit,canonical,brain-circuit
brain-cog,canonical,brain-cog
brain,canonical,brain
brick-wall-fire,canonical,brick-wall-fire
brick-wall-shield,canonical,brick-wall-shield
brick-wall,canonical,brick-wall
briefcase-business,canonical,briefcase-business
briefcase-conveyor-belt,canonical,briefcase-conveyor-belt
briefcase-medical,canonical,briefcase-medical
briefcase,canonical,briefcase
bring-to-front,canonical,bring-to-front
broccoli,canonical,broccoli
broom-sparkles,canonical,broom-sparkles
broom,canonical,broom
brush-cleaning,canonical,brush-cleaning
brush,canonical,brush
bubbles,canonical,bubbles
bug-off,canonical,bug-off
bug-play,canonical,bug-play
bug,canonical,bug
building-2,canonical,building-2
building,canonical,building
bus-front,canonical,bus-front
bus,canonical,bus
cable-car,canonical,cable-car
cable,canonical,cable
cake-slice,canonical,cake-slice
cake,canonical,cake
calculator,canonical,calculator
calendar-1,canonical,calendar-1
calendar-arrow-down,canonical,calendar-arrow-down
calendar-arrow-up,canonical,calendar-arrow-up
calendar-check-2,canonical,calendar-check-2
calendar-check,canonical,calendar-check
calendar-clock,canonical,calendar-clock
calendar-cog,canonical,calendar-cog
calendar-days,canonical,calendar-days
calendar-fold,canonical,calendar-fold
calendar-heart,canonical,calendar-heart
calendar-minus-2,canonical,calendar-minus-2
calendar-minus,canonical,calendar-minus
calendar-off,canonical,calendar-off
calendar-plus-2,canonical,calendar-plus-2
calendar-plus,canonical,calendar-plus
calendar-range,canonical,calendar-range
calendar-search,canonical,calendar-search
calendar-sync,canonical,calendar-sync
calendar-x-2,canonical,calendar-x-2
calendar-x,canonical,calendar-x
calendar,canonical,calendar
calendars,canonical,calendars
camera-off,canonical,camera-off
camera,canonical,camera
candlestick-chart,deprecated,chart-candlestick
candy-cane,canonical,candy-cane
candy-off,canonical,candy-off
candy,canonical,candy
cannabis-off,canonical,cannabis-off
cannabis,canonical,cannabis
captions-off,canonical,captions-off
captions,canonical,captions
car-front,canonical,car-front
car-taxi-front,canonical,car-taxi-front
car,canonical,car
caravan,canonical,caravan
card-sim,canonical,card-sim
carrot,canonical,carrot
case-lower,canonical,case-lower
case-sensitive,canonical,case-sensitive
case-upper,canonical,case-upper
cassette-tape,canonical,cassette-tape
cast,canonical,cast
castle,canonical,castle
cat,canonical,cat
cctv-off,canonical,cctv-off
cctv,canonical,cctv
chart-area,canonical,chart-area
chart-bar-big,canonical,chart-bar-big
chart-bar-decreasing,canonical,chart-bar-decreasing
chart-bar-increasing,canonical,chart-bar-increasing
chart-bar-stacked,canonical,chart-bar-stacked
chart-bar,canonical,chart-bar
chart-candlestick,canonical,chart-candlestick
chart-column-big,canonical,chart-column-big
chart-column-decreasing,canonical,chart-column-decreasing
chart-column-increasing,canonical,chart-column-increasing
chart-column-stacked,canonical,chart-column-stacked
chart-column,canonical,chart-column
chart-gantt,canonical,chart-gantt
chart-line,canonical,chart-line
chart-network,canonical,chart-network
chart-no-axes-column-decreasing,canonical,chart-no-axes-column-decreasing
chart-no-axes-column-increasing,canonical,chart-no-axes-column-increasing
chart-no-axes-column,canonical,chart-no-axes-column
chart-no-axes-combined,canonical,chart-no-axes-combined
chart-no-axes-gantt,canonical,chart-no-axes-gantt
chart-pie,canonical,chart-pie
chart-scatter,canonical,chart-scatter
chart-spline,canonical,chart-spline
check-check,canonical,check-check
check-circle-2,deprecated,circle-check
check-circle,deprecated,circle-check-big
check-line,canonical,check-line
check-square-2,deprecated,square-check
check-square,deprecated,square-check-big
check,canonical,check
chef-hat,canonical,chef-hat
cherry,canonical,cherry
chess-bishop,canonical,chess-bishop
chess-king,canonical,chess-king
chess-knight,canonical,chess-knight
chess-pawn,canonical,chess-pawn
chess-queen,canonical,chess-queen
chess-rook,canonical,chess-rook
chevron-down-circle,deprecated,circle-chevron-down
chevron-down-square,deprecated,square-chevron-down
chevron-down,canonical,chevron-down
chevron-first,canonical,chevron-first
chevron-last,canonical,chevron-last
chevron-left-circle,deprecated,circle-chevron-left
chevron-left-square,deprecated,square-chevron-left
chevron-left,canonical,chevron-left
chevron-right-circle,deprecated,circle-chevron-right
chevron-right-square,deprecated,square-chevron-right
chevron-right,canonical,chevron-right
chevron-up-circle,deprecated,circle-chevron-up
chevron-up-square,deprecated,square-chevron-up
chevron-up,canonical,chevron-up
chevrons-down-up,canonical,chevrons-down-up
chevrons-down,canonical,chevrons-down
chevrons-left-right-ellipsis,canonical,chevrons-left-right-ellipsis
chevrons-left-right,canonical,chevrons-left-right
chevrons-left,canonical,chevrons-left
chevrons-right-left,canonical,chevrons-right-left
chevrons-right,canonical,chevrons-right
chevrons-up-down,canonical,chevrons-up-down
chevrons-up,canonical,chevrons-up
church,canonical,church
cigarette-off,canonical,cigarette-off
cigarette,canonical,cigarette
circle-alert,canonical,circle-alert
circle-arrow-down,canonical,circle-arrow-down
circle-arrow-left,canonical,circle-arrow-left
circle-arrow-out-down-left,canonical,circle-arrow-out-down-left
circle-arrow-out-down-right,canonical,circle-arrow-out-down-right
circle-arrow-out-up-left,canonical,circle-arrow-out-up-left
circle-arrow-out-up-right,canonical,circle-arrow-out-up-right
circle-arrow-right,canonical,circle-arrow-right
circle-arrow-up,canonical,circle-arrow-up
circle-check-big,canonical,circle-check-big
circle-check,canonical,circle-check
circle-chevron-down,canonical,circle-chevron-down
circle-chevron-left,canonical,circle-chevron-left
circle-chevron-right,canonical,circle-chevron-right
circle-chevron-up,canonical,circle-chevron-up
circle-dashed,canonical,circle-dashed
circle-divide,canonical,circle-divide
circle-dollar-sign,canonical,circle-dollar-sign
circle-dot-dashed,canonical,circle-dot-dashed
circle-dot,canonical,circle-dot
circle-ellipsis,canonical,circle-ellipsis
circle-equal,canonical,circle-equal
circle-euro,canonical,circle-euro
circle-fading-arrow-up,canonical,circle-fading-arrow-up
circle-fading-plus,canonical,circle-fading-plus
circle-gauge,canonical,circle-gauge
circle-help,deprecated,circle-question-mark
circle-minus,canonical,circle-minus
circle-off,canonical,circle-off
circle-parking-off,canonical,circle-parking-off
circle-parking,canonical,circle-parking
circle-pause,canonical,circle-pause
circle-percent,canonical,circle-percent
circle-pile,canonical,circle-pile
circle-play,canonical,circle-play
circle-plus,canonical,circle-plus
circle-pound-sterling,canonical,circle-pound-sterling
circle-power,canonical,circle-power
circle-question-mark,canonical,circle-question-mark
circle-slash-2,canonical,circle-slash-2
circle-slash,canonical,circle-slash
circle-slashed,deprecated,circle-slash-2
circle-small,canonical,circle-small
circle-star,canonical,circle-star
circle-stop,canonical,circle-stop
circle-user-round,canonical,circle-user-round
circle-user,canonical,circle-user
circle-x,canonical,circle-x
circle,canonical,circle
circuit-board,canonical,circuit-board
citrus,canonical,citrus
clapperboard,canonical,clapperboard
clipboard-check,canonical,clipboard-check
clipboard-clock,canonical,clipboard-clock
clipboard-copy,canonical,clipboard-copy
clipboard-edit,deprecated,clipboard-pen
clipboard-list,canonical,clipboard-list
clipboard-minus,canonical,clipboard-minus
clipboard-paste,canonical,clipboard-paste
clipboard-pen-line,canonical,clipboard-pen-line
clipboard-pen,canonical,clipboard-pen
clipboard-plus,canonical,clipboard-plus
clipboard-signature,deprecated,clipboard-pen-line
clipboard-type,canonical,clipboard-type
clipboard-x,canonical,clipboard-x
clipboard,canonical,clipboard
clock-1,canonical,clock-1
clock-10,canonical,clock-10
clock-11,canonical,clock-11
clock-12,canonical,clock-12
clock-2,canonical,clock-2
clock-3,canonical,clock-3
clock-4,canonical,clock-4
clock-5,canonical,clock-5
clock-6,canonical,clock-6
clock-7,canonical,clock-7
clock-8,canonical,clock-8
clock-9,canonical,clock-9
clock-alert,canonical,clock-alert
clock-arrow-down,canonical,clock-arrow-down
clock-arrow-left,canonical,clock-arrow-left
clock-arrow-right,canonical,clock-arrow-right
clock-arrow-up,canonical,clock-arrow-up
clock-check,canonical,clock-check
clock-fading,canonical,clock-fading
clock-plus,canonical,clock-plus
clock,canonical,clock
closed-caption,canonical,closed-caption
cloud-alert,canonical,cloud-alert
cloud-backup,canonical,cloud-backup
cloud-check,canonical,cloud-check
cloud-cog,canonical,cloud-cog
cloud-download,canonical,cloud-download
cloud-drizzle,canonical,cloud-drizzle
cloud-fog,canonical,cloud-fog
cloud-hail,canonical,cloud-hail
cloud-lightning,canonical,cloud-lightning
cloud-moon-rain,canonical,cloud-moon-rain
cloud-moon,canonical,cloud-moon
cloud-off,canonical,cloud-off
cloud-rain-wind,canonical,cloud-rain-wind
cloud-rain,canonical,cloud-rain
cloud-snow,canonical,cloud-snow
cloud-sun-rain,canonical,cloud-sun-rain
cloud-sun,canonical,cloud-sun
cloud-sync,canonical,cloud-sync
cloud-upload,canonical,cloud-upload
cloud,canonical,cloud
cloudy,canonical,cloudy
clover,canonical,clover
club,canonical,club
code-2,deprecated,code-xml
code-square,deprecated,square-code
code-xml,canonical,code-xml
code,canonical,code
coffee,canonical,coffee
cog,canonical,cog
coins,canonical,coins
columns-2,canonical,columns-2
columns-3-cog,canonical,columns-3-cog
columns-3,canonical,columns-3
columns-4,canonical,columns-4
columns-settings,deprecated,columns-3-cog
columns,deprecated,columns-2
combine,canonical,combine
command,canonical,command
compass,canonical,compass
component,canonical,component
computer,canonical,computer
concierge-bell,canonical,concierge-bell
cone,canonical,cone
construction,canonical,construction
contact-2,deprecated,contact-round
contact-round,canonical,contact-round
contact,canonical,contact
container,canonical,container
contrast,canonical,contrast
cookie,canonical,cookie
cooking-pot,canonical,cooking-pot
copy-check,canonical,copy-check
copy-minus,canonical,copy-minus
copy-plus,canonical,copy-plus
copy-slash,canonical,copy-slash
copy-x,canonical,copy-x
copy,canonical,copy
copyleft,canonical,copyleft
copyright,canonical,copyright
corner-down-left,canonical,corner-down-left
corner-down-right,canonical,corner-down-right
corner-left-down,canonical,corner-left-down
corner-left-up,canonical,corner-left-up
corner-right-down,canonical,corner-right-down
corner-right-up,canonical,corner-right-up
corner-up-left,canonical,corner-up-left
corner-up-right,canonical,corner-up-right
cpu,canonical,cpu
creative-commons,canonical,creative-commons
credit-card,canonical,credit-card
croissant,canonical,croissant
crop,canonical,crop
cross,canonical,cross
crosshair,canonical,crosshair
crown,canonical,crown
cuboid,canonical,cuboid
cup-soda,canonical,cup-soda
curly-braces,deprecated,braces
currency,canonical,currency
cylinder,canonical,cylinder
dam,canonical,dam
database-arrow-down,canonical,database-arrow-down
database-arrow-up,canonical,database-arrow-up
database-backup,canonical,database-backup
database-check,canonical,database-check
database-minus,canonical,database-minus
database-plus,canonical,database-plus
database-search,canonical,database-search
database-x,canonical,database-x
database-zap,canonical,database-zap
database,canonical,database
decimals-arrow-left,canonical,decimals-arrow-left
decimals-arrow-right,canonical,decimals-arrow-right
delete,canonical,delete
dessert,canonical,dessert
diameter,canonical,diameter
diamond-minus,canonical,diamond-minus
diamond-percent,canonical,diamond-percent
diamond-plus,canonical,diamond-plus
diamond,canonical,diamond
dice-1,canonical,dice-1
dice-2,canonical,dice-2
dice-3,canonical,dice-3
dice-4,canonical,dice-4
dice-5,canonical,dice-5
dice-6,canonical,dice-6
dices,canonical,dices
diff,canonical,diff
disc-2,canonical,disc-2
disc-3,canonical,disc-3
disc-album,canonical,disc-album
disc,canonical,disc
divide-circle,deprecated,circle-divide
divide-square,deprecated,square-divide
divide,canonical,divide
dna-off,canonical,dna-off
dna,canonical,dna
dock,canonical,dock
dog,canonical,dog
dollar-sign,canonical,dollar-sign
donut,canonical,donut
door-closed-locked,canonical,door-closed-locked
door-closed,canonical,door-closed
door-open,canonical,door-open
dot-square,deprecated,square-dot
dot,canonical,dot
download-cloud,deprecated,cloud-download
download,canonical,download
drafting-compass,canonical,drafting-compass
drama,canonical,drama
drill,canonical,drill
drone,canonical,drone
droplet-off,canonical,droplet-off
droplet,canonical,droplet
droplets,canonical,droplets
drum,canonical,drum
drumstick,canonical,drumstick
dumbbell,canonical,dumbbell
ear-off,canonical,ear-off
ear,canonical,ear
earth-lock,canonical,earth-lock
earth,canonical,earth
eclipse,canonical,eclipse
edit-2,deprecated,pen
edit-3,deprecated,pen-line
edit,deprecated,square-pen
egg-fried,canonical,egg-fried
egg-off,canonical,egg-off
egg,canonical,egg
eject,canonical,eject
ellipse,canonical,ellipse
ellipsis-vertical,canonical,ellipsis-vertical
ellipsis,canonical,ellipsis
equal-approximately,canonical,equal-approximately
equal-not,canonical,equal-not
equal-square,deprecated,square-equal
equal,canonical,equal
eraser,canonical,eraser
ethernet-port,canonical,ethernet-port
euro,canonical,euro
ev-charger,canonical,ev-charger
expand,canonical,expand
external-link,canonical,external-link
eye-closed,canonical,eye-closed
eye-dashed,canonical,eye-dashed
eye-off,canonical,eye-off
eye,canonical,eye
face-angry,canonical,face-angry
face-expressionless,canonical,face-expressionless
face-grinning,canonical,face-grinning
face-neutral,canonical,face-neutral
face-slightly-frowning,canonical,face-slightly-frowning
face-slightly-smiling-plus,canonical,face-slightly-smiling-plus
face-slightly-smiling,canonical,face-slightly-smiling
factory,canonical,factory
fan,canonical,fan
fast-forward,canonical,fast-forward
feather,canonical,feather
fence,canonical,fence
ferris-wheel,canonical,ferris-wheel
file-archive,canonical,file-archive
file-audio-2,deprecated,file-headphone
file-audio,deprecated,file-headphone
file-axis-3-d,deprecated,file-axis-3d
file-axis-3d,canonical,file-axis-3d
file-badge-2,deprecated,file-badge
file-badge,canonical,file-badge
file-bar-chart-2,deprecated,file-chart-column
file-bar-chart,deprecated,file-chart-column-increasing
file-box,canonical,file-box
file-braces-corner,canonical,file-braces-corner
file-braces,canonical,file-braces
file-chart-column-increasing,canonical,file-chart-column-increasing
file-chart-column,canonical,file-chart-column
file-chart-line,canonical,file-chart-line
file-chart-pie,canonical,file-chart-pie
file-check-2,deprecated,file-check-corner
file-check-corner,canonical,file-check-corner
file-check,canonical,file-check
file-clock,canonical,file-clock
file-code-2,deprecated,file-code-corner
file-code-corner,canonical,file-code-corner
file-code,canonical,file-code
file-cog-2,deprecated,file-cog
file-cog,canonical,file-cog
file-diff,canonical,file-diff
file-digit,canonical,file-digit
file-down,canonical,file-down
file-edit,deprecated,file-pen
file-exclamation-point,canonical,file-exclamation-point
file-headphone,canonical,file-headphone
file-heart,canonical,file-heart
file-image,canonical,file-image
file-input,canonical,file-input
file-json-2,deprecated,file-braces-corner
file-json,deprecated,file-braces
file-key-2,deprecated,file-key
file-key,canonical,file-key
file-line-chart,deprecated,file-chart-line
file-lock-2,deprecated,file-lock
file-lock,canonical,file-lock
file-minus-2,deprecated,file-minus-corner
file-minus-corner,canonical,file-minus-corner
file-minus,canonical,file-minus
file-music,canonical,file-music
file-output,canonical,file-output
file-pen-line,canonical,file-pen-line
file-pen,canonical,file-pen
file-pie-chart,deprecated,file-chart-pie
file-play,canonical,file-play
file-plus-2,deprecated,file-plus-corner
file-plus-corner,canonical,file-plus-corner
file-plus,canonical,file-plus
file-question-mark,canonical,file-question-mark
file-question,deprecated,file-question-mark
file-scan,canonical,file-scan
file-search-2,deprecated,file-search-corner
file-search-corner,canonical,file-search-corner
file-search,canonical,file-search
file-signal,canonical,file-signal
file-signature,deprecated,file-pen-line
file-sliders,canonical,file-sliders
file-spreadsheet,canonical,file-spreadsheet
file-stack,canonical,file-stack
file-symlink,canonical,file-symlink
file-terminal,canonical,file-terminal
file-text,canonical,file-text
file-type-2,deprecated,file-type-corner
file-type-corner,canonical,file-type-corner
file-type,canonical,file-type
file-up,canonical,file-up
file-user,canonical,file-user
file-video-2,deprecated,file-video-camera
file-video-camera,canonical,file-video-camera
file-video,deprecated,file-play
file-volume-2,deprecated,file-signal
file-volume,canonical,file-volume
file-warning,deprecated,file-exclamation-point
file-x-2,deprecated,file-x-corner
file-x-corner,canonical,file-x-corner
file-x,canonical,file-x
file,canonical,file
files,canonical,files
film,canonical,film
filter-x,deprecated,funnel-x
filter,deprecated,funnel
fingerprint-pattern,canonical,fingerprint-pattern
fire-extinguisher,canonical,fire-extinguisher
fish-off,canonical,fish-off
fish-symbol,canonical,fish-symbol
fish,canonical,fish
fishing-hook,canonical,fishing-hook
fishing-rod,canonical,fishing-rod
flag-off,canonical,flag-off
flag-triangle-left,canonical,flag-triangle-left
flag-triangle-right,canonical,flag-triangle-right
flag,canonical,flag
flame-kindling,canonical,flame-kindling
flame,canonical,flame
flashlight-off,canonical,flashlight-off
flashlight,canonical,flashlight
flask-conical-off,canonical,flask-conical-off
flask-conical,canonical,flask-conical
flask-round,canonical,flask-round
flip-horizontal-2,canonical,flip-horizontal-2
flip-horizontal,deprecated,square-centerline-dashed-horizontal
flip-vertical-2,canonical,flip-vertical-2
flip-vertical,deprecated,square-centerline-dashed-vertical
flower-2,canonical,flower-2
flower,canonical,flower
focus,canonical,focus
fold-horizontal,canonical,fold-horizontal
fold-vertical,canonical,fold-vertical
folder-archive,canonical,folder-archive
folder-bookmark,canonical,folder-bookmark
folder-check,canonical,folder-check
folder-clock,canonical,folder-clock
folder-closed,canonical,folder-closed
folder-code,canonical,folder-code
folder-cog-2,deprecated,folder-cog
folder-cog,canonical,folder-cog
folder-dot,canonical,folder-dot
folder-down,canonical,folder-down
folder-edit,deprecated,folder-pen
folder-git-2,canonical,folder-git-2
folder-git,canonical,folder-git
folder-heart,canonical,folder-heart
folder-input,canonical,folder-input
folder-kanban,canonical,folder-kanban
folder-key,canonical,folder-key
folder-lock,canonical,folder-lock
folder-minus,canonical,folder-minus
folder-open-dot,canonical,folder-open-dot
folder-open,canonical,folder-open
folder-output,canonical,folder-output
folder-pen,canonical,folder-pen
folder-plus,canonical,folder-plus
folder-root,canonical,folder-root
folder-search-2,canonical,folder-search-2
folder-search,canonical,folder-search
folder-symlink,canonical,folder-symlink
folder-sync,canonical,folder-sync
folder-tree,canonical,folder-tree
folder-up,canonical,folder-up
folder-x,canonical,folder-x
folder,canonical,folder
folders,canonical,folders
footprints,canonical,footprints
fork-knife-crossed,deprecated,utensils-crossed
fork-knife,deprecated,utensils
forklift,canonical,forklift
form-input,deprecated,rectangle-ellipsis
form,canonical,form
forward,canonical,forward
frame,canonical,frame
frown,deprecated,face-slightly-frowning
fuel,canonical,fuel
fullscreen,canonical,fullscreen
function-square,deprecated,square-function
funnel-plus,canonical,funnel-plus
funnel-x,canonical,funnel-x
funnel,canonical,funnel
gallery-horizontal-end,canonical,gallery-horizontal-end
gallery-horizontal,canonical,gallery-horizontal
gallery-thumbnails,canonical,gallery-thumbnails
gallery-vertical-end,canonical,gallery-vertical-end
gallery-vertical,canonical,gallery-vertical
gamepad-2,canonical,gamepad-2
gamepad-directional,canonical,gamepad-directional
gamepad,canonical,gamepad
gantt-chart-square,deprecated,square-chart-gantt
gantt-chart,deprecated,chart-no-axes-gantt
gauge-circle,deprecated,circle-gauge
gauge,canonical,gauge
gavel,canonical,gavel
gem,canonical,gem
georgian-lari,canonical,georgian-lari
ghost,canonical,ghost
gift,canonical,gift
git-branch-minus,canonical,git-branch-minus
git-branch-plus,canonical,git-branch-plus
git-branch,canonical,git-branch
git-commit-horizontal,canonical,git-commit-horizontal
git-commit-vertical,canonical,git-commit-vertical
git-commit,deprecated,git-commit-horizontal
git-compare-arrows,canonical,git-compare-arrows
git-compare,canonical,git-compare
git-fork,canonical,git-fork
git-graph,canonical,git-graph
git-merge-conflict,canonical,git-merge-conflict
git-merge,canonical,git-merge
git-pull-request-arrow,canonical,git-pull-request-arrow
git-pull-request-closed,canonical,git-pull-request-closed
git-pull-request-create-arrow,canonical,git-pull-request-create-arrow
git-pull-request-create,canonical,git-pull-request-create
git-pull-request-draft,canonical,git-pull-request-draft
git-pull-request,canonical,git-pull-request
glass-water,canonical,glass-water
glasses,canonical,glasses
globe-2,deprecated,earth
globe-check,canonical,globe-check
globe-lock,canonical,globe-lock
globe-off,canonical,globe-off
globe-x,canonical,globe-x
globe,canonical,globe
goal,canonical,goal
gpu,canonical,gpu
grab,deprecated,hand-grab
graduation-cap,canonical,graduation-cap
grape,canonical,grape
grid-2-x-2-check,deprecated,grid-2x2-check
grid-2-x-2-plus,deprecated,grid-2x2-plus
grid-2-x-2-x,deprecated,grid-2x2-x
grid-2-x-2,deprecated,grid-2x2
grid-2x2-check,canonical,grid-2x2-check
grid-2x2-plus,canonical,grid-2x2-plus
grid-2x2-x,canonical,grid-2x2-x
grid-2x2,canonical,grid-2x2
grid-3-x-3,deprecated,grid-3x3
grid-3x2,canonical,grid-3x2
grid-3x3,canonical,grid-3x3
grid,deprecated,grid-3x3
grip-horizontal,canonical,grip-horizontal
grip-vertical,canonical,grip-vertical
grip,canonical,grip
group,canonical,group
guitar,canonical,guitar
ham,canonical,ham
hamburger,canonical,hamburger
hammer,canonical,hammer
hand-coins,canonical,hand-coins
hand-fist,canonical,hand-fist
hand-grab,canonical,hand-grab
hand-heart,canonical,hand-heart
hand-helping,canonical,hand-helping
hand-metal,canonical,hand-metal
hand-platter,canonical,hand-platter
hand,canonical,hand
handbag,canonical,handbag
handshake,canonical,handshake
hard-drive-download,canonical,hard-drive-download
hard-drive-upload,canonical,hard-drive-upload
hard-drive,canonical,hard-drive
hard-hat,canonical,hard-hat
hash,canonical,hash
hat-glasses,canonical,hat-glasses
haze,canonical,haze
hd,canonical,hd
hdmi-port,canonical,hdmi-port
heading-1,canonical,heading-1
heading-2,canonical,heading-2
heading-3,canonical,heading-3
heading-4,canonical,heading-4
heading-5,canonical,heading-5
heading-6,canonical,heading-6
heading,canonical,heading
headphone-off,canonical,headphone-off
headphones,canonical,headphones
headset,canonical,headset
heart-crack,canonical,heart-crack
heart-handshake,canonical,heart-handshake
heart-minus,canonical,heart-minus
heart-off,canonical,heart-off
heart-plus,canonical,heart-plus
heart-pulse,canonical,heart-pulse
heart-x,canonical,heart-x
heart,canonical,heart
heater,canonical,heater
helicopter,canonical,helicopter
help-circle,deprecated,circle-question-mark
helping-hand,deprecated,hand-helping
hexagon,canonical,hexagon
highlighter,canonical,highlighter
history,deprecated,rotate-ccw-clock
home,deprecated,house
hop-off,canonical,hop-off
hop,canonical,hop
hospital,canonical,hospital
hotel,canonical,hotel
hourglass,canonical,hourglass
house-heart,canonical,house-heart
house-plug,canonical,house-plug
house-plus,canonical,house-plus
house-wifi,canonical,house-wifi
house,canonical,house
ice-cream-2,deprecated,ice-cream-bowl
ice-cream-bowl,canonical,ice-cream-bowl
ice-cream-cone,canonical,ice-cream-cone
ice-cream,deprecated,ice-cream-cone
id-card-lanyard,canonical,id-card-lanyard
id-card,canonical,id-card
image-down,canonical,image-down
image-minus,canonical,image-minus
image-off,canonical,image-off
image-play,canonical,image-play
image-plus,canonical,image-plus
image-up,canonical,image-up
image-upscale,canonical,image-upscale
image,canonical,image
images,canonical,images
import,canonical,import
inbox,canonical,inbox
indent-decrease,deprecated,list-indent-decrease
indent-increase,deprecated,list-indent-increase
indent,deprecated,list-indent-increase
indian-rupee,canonical,indian-rupee
infinity,canonical,infinity
info,canonical,info
inspect,deprecated,square-mouse-pointer
inspection-panel,canonical,inspection-panel
italic,canonical,italic
iteration-ccw,canonical,iteration-ccw
iteration-cw,canonical,iteration-cw
japanese-yen,canonical,japanese-yen
joystick,canonical,joystick
kanban-square-dashed,deprecated,square-dashed-kanban
kanban-square,deprecated,square-kanban
kanban,canonical,kanban
kayak,canonical,kayak
key-round,canonical,key-round
key-square,canonical,key-square
key,canonical,key
keyboard-music,canonical,keyboard-music
keyboard-off,canonical,keyboard-off
keyboard,canonical,keyboard
lamp-ceiling,canonical,lamp-ceiling
lamp-desk,canonical,lamp-desk
lamp-floor,canonical,lamp-floor
lamp-wall-down,canonical,lamp-wall-down
lamp-wall-up,canonical,lamp-wall-up
lamp,canonical,lamp
land-plot,canonical,land-plot
landmark,canonical,landmark
languages,canonical,languages
laptop-2,deprecated,laptop-minimal
laptop-minimal-check,canonical,laptop-minimal-check
laptop-minimal,canonical,laptop-minimal
laptop,canonical,laptop
lasso-select,canonical,lasso-select
lasso,canonical,lasso
laugh,deprecated,face-grinning
layer-arrow-down,canonical,layer-arrow-down
layer-arrow-up,canonical,layer-arrow-up
layers-2,canonical,layers-2
layers-3,deprecated,layers
layers-arrow-down,canonical,layers-arrow-down
layers-arrow-up,canonical,layers-arrow-up
layers-minus,canonical,layers-minus
layers-plus,canonical,layers-plus
layers,canonical,layers
layout-dashboard,canonical,layout-dashboard
layout-freeform,canonical,layout-freeform
layout-grid,canonical,layout-grid
layout-list,canonical,layout-list
layout-panel-left,canonical,layout-panel-left
layout-panel-top,canonical,layout-panel-top
layout-template,canonical,layout-template
layout,deprecated,panels-top-left
leaf,canonical,leaf
leafy-green,canonical,leafy-green
lectern,canonical,lectern
lens-concave,canonical,lens-concave
lens-convex,canonical,lens-convex
letter-text,deprecated,text-initial
library-big,canonical,library-big
library-square,deprecated,square-library
library,canonical,library
life-buoy,canonical,life-buoy
ligature,canonical,ligature
lightbulb-off,canonical,lightbulb-off
lightbulb,canonical,lightbulb
line-chart,deprecated,chart-line
line-dot-right-horizontal,canonical,line-dot-right-horizontal
line-squiggle,canonical,line-squiggle
line-style,canonical,line-style
link-2-off,canonical,link-2-off
link-2,canonical,link-2
link,canonical,link
list-check,canonical,list-check
list-checks,canonical,list-checks
list-chevrons-down-up,canonical,list-chevrons-down-up
list-chevrons-up-down,canonical,list-chevrons-up-down
list-collapse,canonical,list-collapse
list-end,canonical,list-end
list-filter-plus,canonical,list-filter-plus
list-filter,canonical,list-filter
list-indent-decrease,canonical,list-indent-decrease
list-indent-increase,canonical,list-indent-increase
list-minus,canonical,list-minus
list-music,canonical,list-music
list-ordered,canonical,list-ordered
list-plus,canonical,list-plus
list-restart,canonical,list-restart
list-sort-ascending,canonical,list-sort-ascending
list-sort-descending,canonical,list-sort-descending
list-start,canonical,list-start
list-todo,canonical,list-todo
list-tree,canonical,list-tree
list-video,canonical,list-video
list-x,canonical,list-x
list,canonical,list
loader-2,deprecated,loader-circle
loader-circle,canonical,loader-circle
loader-pinwheel,canonical,loader-pinwheel
loader,canonical,loader
locate-fixed,canonical,locate-fixed
locate-off,canonical,locate-off
locate,canonical,locate
location-edit,deprecated,map-pin-pen
lock-keyhole-open,canonical,lock-keyhole-open
lock-keyhole,canonical,lock-keyhole
lock-open,canonical,lock-open
lock,canonical,lock
log-in,canonical,log-in
log-out,canonical,log-out
logs,canonical,logs
lollipop,canonical,lollipop
luggage,canonical,luggage
m-square,deprecated,square-m
magnet,canonical,magnet
mail-badge,canonical,mail-badge
mail-check,canonical,mail-check
mail-minus,canonical,mail-minus
mail-open,canonical,mail-open
mail-plus,canonical,mail-plus
mail-question-mark,canonical,mail-question-mark
mail-question,deprecated,mail-question-mark
mail-search,canonical,mail-search
mail-warning,canonical,mail-warning
mail-x,canonical,mail-x
mail,canonical,mail
mailbox,canonical,mailbox
mails,canonical,mails
map-minus,canonical,map-minus
map-pin-check-inside,canonical,map-pin-check-inside
map-pin-check,canonical,map-pin-check
map-pin-house,canonical,map-pin-house
map-pin-minus-inside,canonical,map-pin-minus-inside
map-pin-minus,canonical,map-pin-minus
map-pin-off,canonical,map-pin-off
map-pin-pen,canonical,map-pin-pen
map-pin-plus-inside,canonical,map-pin-plus-inside
map-pin-plus,canonical,map-pin-plus
map-pin-search,canonical,map-pin-search
map-pin-x-inside,canonical,map-pin-x-inside
map-pin-x,canonical,map-pin-x
map-pin,canonical,map-pin
map-pinned,canonical,map-pinned
map-plus,canonical,map-plus
map,canonical,map
mars-stroke,canonical,mars-stroke
mars,canonical,mars
martini,canonical,martini
maximize-2,canonical,maximize-2
maximize,canonical,maximize
medal,canonical,medal
megaphone-off,canonical,megaphone-off
megaphone,canonical,megaphone
meh,deprecated,face-neutral
memory-stick,canonical,memory-stick
menu-square,deprecated,square-menu
menu,canonical,menu
merge,canonical,merge
message-circle-check,canonical,message-circle-check
message-circle-code,canonical,message-circle-code
message-circle-dashed,canonical,message-circle-dashed
message-circle-heart,canonical,message-circle-heart
message-circle-more,canonical,message-circle-more
message-circle-off,canonical,message-circle-off
message-circle-plus,canonical,message-circle-plus
message-circle-question-mark,canonical,message-circle-question-mark
message-circle-question,deprecated,message-circle-question-mark
message-circle-reply,canonical,message-circle-reply
message-circle-warning,canonical,message-circle-warning
message-circle-x,canonical,message-circle-x
message-circle,canonical,message-circle
message-square-check,canonical,message-square-check
message-square-code,canonical,message-square-code
message-square-dashed,canonical,message-square-dashed
message-square-diff,canonical,message-square-diff
message-square-dot,canonical,message-square-dot
message-square-heart,canonical,message-square-heart
message-square-lock,canonical,message-square-lock
message-square-more,canonical,message-square-more
message-square-off,canonical,message-square-off
message-square-plus,canonical,message-square-plus
message-square-quote,canonical,message-square-quote
message-square-reply,canonical,message-square-reply
message-square-share,canonical,message-square-share
message-square-text,canonical,message-square-text
message-square-warning,canonical,message-square-warning
message-square-x,canonical,message-square-x
message-square,canonical,message-square
messages-square,canonical,messages-square
metronome,canonical,metronome
mic-2,deprecated,mic-vocal
mic-audio-lines,canonical,mic-audio-lines
mic-off,canonical,mic-off
mic-signal,canonical,mic-signal
mic-vocal,canonical,mic-vocal
mic,canonical,mic
microchip,canonical,microchip
microscope,canonical,microscope
microwave,canonical,microwave
milestone,canonical,milestone
milk-off,canonical,milk-off
milk,canonical,milk
minimize-2,canonical,minimize-2
minimize,canonical,minimize
minus-circle,deprecated,circle-minus
minus-square,deprecated,square-minus
minus,canonical,minus
mirror-rectangular,canonical,mirror-rectangular
mirror-round,canonical,mirror-round
monitor-check,canonical,monitor-check
monitor-cloud,canonical,monitor-cloud
monitor-cog,canonical,monitor-cog
monitor-dot,canonical,monitor-dot
monitor-down,canonical,monitor-down
monitor-off,canonical,monitor-off
monitor-pause,canonical,monitor-pause
monitor-play,canonical,monitor-play
monitor-smartphone,canonical,monitor-smartphone
monitor-speaker,canonical,monitor-speaker
monitor-stop,canonical,monitor-stop
monitor-up,canonical,monitor-up
monitor-x,canonical,monitor-x
monitor,canonical,monitor
moon-star,canonical,moon-star
moon,canonical,moon
more-horizontal,deprecated,ellipsis
more-vertical,deprecated,ellipsis-vertical
mosque,canonical,mosque
motorbike,canonical,motorbike
mountain-snow,canonical,mountain-snow
mountain,canonical,mountain
mouse-left,canonical,mouse-left
mouse-off,canonical,mouse-off
mouse-pointer-2-off,canonical,mouse-pointer-2-off
mouse-pointer-2,canonical,mouse-pointer-2
mouse-pointer-ban,canonical,mouse-pointer-ban
mouse-pointer-click,canonical,mouse-pointer-click
mouse-pointer-square-dashed,deprecated,square-dashed-mouse-pointer
mouse-pointer,canonical,mouse-pointer
mouse-right,canonical,mouse-right
mouse,canonical,mouse
move-3-d,deprecated,move-3d
move-3d,canonical,move-3d
move-diagonal-2,canonical,move-diagonal-2
move-diagonal,canonical,move-diagonal
move-down-left,canonical,move-down-left
move-down-right,canonical,move-down-right
move-down,canonical,move-down
move-horizontal,canonical,move-horizontal
move-left,canonical,move-left
move-right,canonical,move-right
move-up-left,canonical,move-up-left
move-up-right,canonical,move-up-right
move-up,canonical,move-up
move-vertical,canonical,move-vertical
move,canonical,move
music-2,canonical,music-2
music-3,canonical,music-3
music-4,canonical,music-4
music,canonical,music
navigation-2-off,canonical,navigation-2-off
navigation-2,canonical,navigation-2
navigation-off,canonical,navigation-off
navigation,canonical,navigation
network,canonical,network
newspaper,canonical,newspaper
nfc,canonical,nfc
non-binary,canonical,non-binary
notebook-pen,canonical,notebook-pen
notebook-tabs,canonical,notebook-tabs
notebook-text,canonical,notebook-text
notebook,canonical,notebook
notepad-text-dashed,canonical,notepad-text-dashed
notepad-text,canonical,notepad-text
nut-off,canonical,nut-off
nut,canonical,nut
octagon-alert,canonical,octagon-alert
octagon-minus,canonical,octagon-minus
octagon-pause,canonical,octagon-pause
octagon-x,canonical,octagon-x
octagon,canonical,octagon
omega,canonical,omega
option,canonical,option
orbit,canonical,orbit
origami,canonical,origami
outdent,deprecated,list-indent-decrease
package-2,canonical,package-2
package-check,canonical,package-check
package-minus,canonical,package-minus
package-open,canonical,package-open
package-plus,canonical,package-plus
package-search,canonical,package-search
package-x,canonical,package-x
package,canonical,package
paint-bucket,canonical,paint-bucket
paint-roller,canonical,paint-roller
paintbrush-2,deprecated,paintbrush-vertical
paintbrush-vertical,canonical,paintbrush-vertical
paintbrush,canonical,paintbrush
palette,canonical,palette
palmtree,deprecated,tree-palm
panda,canonical,panda
panel-bottom-close,canonical,panel-bottom-close
panel-bottom-dashed,canonical,panel-bottom-dashed
panel-bottom-inactive,deprecated,panel-bottom-dashed
panel-bottom-open,canonical,panel-bottom-open
panel-bottom,canonical,panel-bottom
panel-left-close,canonical,panel-left-close
panel-left-dashed,canonical,panel-left-dashed
panel-left-inactive,deprecated,panel-left-dashed
panel-left-open,canonical,panel-left-open
panel-left-right-dashed,canonical,panel-left-right-dashed
panel-left,canonical,panel-left
panel-right-close,canonical,panel-right-close
panel-right-dashed,canonical,panel-right-dashed
panel-right-inactive,deprecated,panel-right-dashed
panel-right-open,canonical,panel-right-open
panel-right,canonical,panel-right
panel-top-bottom-dashed,canonical,panel-top-bottom-dashed
panel-top-close,canonical,panel-top-close
panel-top-dashed,canonical,panel-top-dashed
panel-top-inactive,deprecated,panel-top-dashed
panel-top-open,canonical,panel-top-open
panel-top,canonical,panel-top
panels-left-bottom,canonical,panels-left-bottom
panels-left-right,deprecated,columns-3
panels-right-bottom,canonical,panels-right-bottom
panels-top-bottom,deprecated,rows-3
panels-top-left,canonical,panels-top-left
paper-bag,canonical,paper-bag
paperclip,canonical,paperclip
parasol,canonical,parasol
parentheses,canonical,parentheses
parking-circle-off,deprecated,circle-parking-off
parking-circle,deprecated,circle-parking
parking-meter,canonical,parking-meter
parking-square-off,deprecated,square-parking-off
parking-square,deprecated,square-parking
party-popper,canonical,party-popper
pause-circle,deprecated,circle-pause
pause-octagon,deprecated,octagon-pause
pause,canonical,pause
paw-print,canonical,paw-print
pc-case,canonical,pc-case
pen-box,deprecated,square-pen
pen-line,canonical,pen-line
pen-off,canonical,pen-off
pen-square,deprecated,square-pen
pen-tool,canonical,pen-tool
pen,canonical,pen
pencil-line,canonical,pencil-line
pencil-off,canonical,pencil-off
pencil-ruler,canonical,pencil-ruler
pencil-sparkles,canonical,pencil-sparkles
pencil,canonical,pencil
pentagon,canonical,pentagon
percent-circle,deprecated,circle-percent
percent-diamond,deprecated,diamond-percent
percent-square,deprecated,square-percent
percent,canonical,percent
person-standing,canonical,person-standing
phi,canonical,phi
philippine-peso,canonical,philippine-peso
phone-call,canonical,phone-call
phone-forwarded,canonical,phone-forwarded
phone-incoming,canonical,phone-incoming
phone-missed,canonical,phone-missed
phone-off,canonical,phone-off
phone-outgoing,canonical,phone-outgoing
phone,canonical,phone
pi-square,deprecated,square-pi
pi,canonical,pi
piano,canonical,piano
pickaxe,canonical,pickaxe
picture-in-picture-2,canonical,picture-in-picture-2
picture-in-picture,canonical,picture-in-picture
pie-chart,deprecated,chart-pie
piggy-bank,canonical,piggy-bank
pilcrow-left,canonical,pilcrow-left
pilcrow-right,canonical,pilcrow-right
pilcrow-square,deprecated,square-pilcrow
pilcrow,canonical,pilcrow
pill-bottle,canonical,pill-bottle
pill,canonical,pill
pin-off,canonical,pin-off
pin,canonical,pin
pipette,canonical,pipette
pizza,canonical,pizza
plane-landing,canonical,plane-landing
plane-takeoff,canonical,plane-takeoff
plane,canonical,plane
play-circle,deprecated,circle-play
play-off,canonical,play-off
play-square,deprecated,square-play
play,canonical,play
plug-2,canonical,plug-2
plug-zap-2,deprecated,plug-zap
plug-zap,canonical,plug-zap
plug,canonical,plug
plus-circle,deprecated,circle-plus
plus-square,deprecated,square-plus
plus,canonical,plus
pocket-knife,canonical,pocket-knife
podcast,deprecated,mic-signal
podium,canonical,podium
pointer-off,canonical,pointer-off
pointer,canonical,pointer
popcorn,canonical,popcorn
popsicle,canonical,popsicle
pound-sterling,canonical,pound-sterling
power-circle,deprecated,circle-power
power-off,canonical,power-off
power-square,deprecated,square-power
power,canonical,power
presentation,canonical,presentation
printer-check,canonical,printer-check
printer-x,canonical,printer-x
printer,canonical,printer
projector,canonical,projector
proportions,canonical,proportions
puzzle,canonical,puzzle
pyramid,canonical,pyramid
qr-code,canonical,qr-code
quote,canonical,quote
rabbit,canonical,rabbit
radar,canonical,radar
radiation,canonical,radiation
radical,canonical,radical
radio-off,canonical,radio-off
radio-receiver,canonical,radio-receiver
radio-tower,canonical,radio-tower
radio,canonical,radio
radius,canonical,radius
rainbow,canonical,rainbow
rat,canonical,rat
ratio,canonical,ratio
receipt-cent,canonical,receipt-cent
receipt-euro,canonical,receipt-euro
receipt-indian-rupee,canonical,receipt-indian-rupee
receipt-japanese-yen,canonical,receipt-japanese-yen
receipt-pound-sterling,canonical,receipt-pound-sterling
receipt-russian-ruble,canonical,receipt-russian-ruble
receipt-swiss-franc,canonical,receipt-swiss-franc
receipt-text,canonical,receipt-text
receipt-turkish-lira,canonical,receipt-turkish-lira
receipt,canonical,receipt
rectangle-circle,canonical,rectangle-circle
rectangle-ellipsis,canonical,rectangle-ellipsis
rectangle-goggles,canonical,rectangle-goggles
rectangle-horizontal,canonical,rectangle-horizontal
rectangle-vertical,canonical,rectangle-vertical
recycle,canonical,recycle
redo-2,canonical,redo-2
redo-dot,canonical,redo-dot
redo,canonical,redo
refresh-ccw-dot,canonical,refresh-ccw-dot
refresh-ccw,canonical,refresh-ccw
refresh-cw-off,canonical,refresh-cw-off
refresh-cw,canonical,refresh-cw
refrigerator,canonical,refrigerator
regex,canonical,regex
remove-formatting,canonical,remove-formatting
repeat-1,canonical,repeat-1
repeat-2,canonical,repeat-2
repeat-off,canonical,repeat-off
repeat,canonical,repeat
replace-all,canonical,replace-all
replace,canonical,replace
reply-all,canonical,reply-all
reply,canonical,reply
rewind,canonical,rewind
ribbon,canonical,ribbon
road,canonical,road
rocket,canonical,rocket
rocking-chair,canonical,rocking-chair
roller-coaster,canonical,roller-coaster
rose,canonical,rose
rotate-3-d,deprecated,rotate-3d
rotate-3d,canonical,rotate-3d
rotate-ccw-clock,canonical,rotate-ccw-clock
rotate-ccw-key,canonical,rotate-ccw-key
rotate-ccw-square,canonical,rotate-ccw-square
rotate-ccw,canonical,rotate-ccw
rotate-cw-fading-clock,canonical,rotate-cw-fading-clock
rotate-cw-square,canonical,rotate-cw-square
rotate-cw,canonical,rotate-cw
route-off,canonical,route-off
route,canonical,route
router,canonical,router
rows-2,canonical,rows-2
rows-3,canonical,rows-3
rows-4,canonical,rows-4
rows,deprecated,rows-2
rss,canonical,rss
ruler-dimension-line,canonical,ruler-dimension-line
ruler,canonical,ruler
russian-ruble,canonical,russian-ruble
sailboat,canonical,sailboat
salad,canonical,salad
sandwich,canonical,sandwich
satellite-dish,canonical,satellite-dish
satellite,canonical,satellite
saudi-riyal,canonical,saudi-riyal
save-all,canonical,save-all
save-check,canonical,save-check
save-off,canonical,save-off
save-pen,canonical,save-pen
save-plus,canonical,save-plus
save,canonical,save
scale-3-d,deprecated,scale-3d
scale-3d,canonical,scale-3d
scale,canonical,scale
scaling,canonical,scaling
scan-barcode,canonical,scan-barcode
scan-box,canonical,scan-box
scan-eye,canonical,scan-eye
scan-face,canonical,scan-face
scan-heart,canonical,scan-heart
scan-line,canonical,scan-line
scan-qr-code,canonical,scan-qr-code
scan-search,canonical,scan-search
scan-square,canonical,scan-square
scan-text,canonical,scan-text
scan,canonical,scan
scatter-chart,deprecated,chart-scatter
school-2,deprecated,university
school,canonical,school
scissors-line-dashed,canonical,scissors-line-dashed
scissors-square-dashed-bottom,deprecated,square-bottom-dashed-scissors
scissors-square,deprecated,square-scissors
scissors,canonical,scissors
scooter,canonical,scooter
screen-share-off,canonical,screen-share-off
screen-share,canonical,screen-share
scroll-text,canonical,scroll-text
scroll,canonical,scroll
search-alert,canonical,search-alert
search-check,canonical,search-check
search-code,canonical,search-code
search-slash,canonical,search-slash
search-x,canonical,search-x
search,canonical,search
section,canonical,section
send-horizonal,deprecated,send-horizontal
send-horizontal,canonical,send-horizontal
send-to-back,canonical,send-to-back
send,canonical,send
separator-horizontal,canonical,separator-horizontal
separator-vertical,canonical,separator-vertical
server-cog,canonical,server-cog
server-crash,canonical,server-crash
server-off,canonical,server-off
server-plus,canonical,server-plus
server,canonical,server
settings-2,canonical,settings-2
settings,canonical,settings
shapes,canonical,shapes
share-2,canonical,share-2
share,canonical,share
sheet,canonical,sheet
shell,canonical,shell
shelving-unit,canonical,shelving-unit
shield-alert,canonical,shield-alert
shield-ban,canonical,shield-ban
shield-check,canonical,shield-check
shield-close,deprecated,shield-x
shield-cog-corner,canonical,shield-cog-corner
shield-cog,canonical,shield-cog
shield-ellipsis,canonical,shield-ellipsis
shield-half,canonical,shield-half
shield-keyhole,canonical,shield-keyhole
shield-lock,canonical,shield-lock
shield-minus,canonical,shield-minus
shield-off,canonical,shield-off
shield-plus,canonical,shield-plus
shield-question-mark,canonical,shield-question-mark
shield-question,deprecated,shield-question-mark
shield-user,canonical,shield-user
shield-x,canonical,shield-x
shield,canonical,shield
ship-wheel,canonical,ship-wheel
ship,canonical,ship
shirt,canonical,shirt
shopping-bag,canonical,shopping-bag
shopping-basket,canonical,shopping-basket
shopping-cart,canonical,shopping-cart
shovel,canonical,shovel
shower-head,canonical,shower-head
shredder,canonical,shredder
shrimp,canonical,shrimp
shrink,canonical,shrink
shrub,canonical,shrub
shuffle,canonical,shuffle
sidebar-close,deprecated,panel-left-close
sidebar-open,deprecated,panel-left-open
sidebar,deprecated,panel-left
sigma-square,deprecated,square-sigma
sigma,canonical,sigma
signal-high,canonical,signal-high
signal-low,canonical,signal-low
signal-medium,canonical,signal-medium
signal-zero,canonical,signal-zero
signal,canonical,signal
signature,canonical,signature
signpost-big,canonical,signpost-big
signpost,canonical,signpost
siren,canonical,siren
skip-back,canonical,skip-back
skip-forward,canonical,skip-forward
skull,canonical,skull
slash-square,deprecated,square-slash
slash,canonical,slash
slice,canonical,slice
sliders-horizontal,canonical,sliders-horizontal
sliders-vertical,canonical,sliders-vertical
sliders,deprecated,sliders-vertical
smartphone-charging,canonical,smartphone-charging
smartphone-nfc,canonical,smartphone-nfc
smartphone,canonical,smartphone
smile-plus,deprecated,face-slightly-smiling-plus
smile,deprecated,face-slightly-smiling
snail,canonical,snail
snowflake,canonical,snowflake
soap-dispenser-droplet,canonical,soap-dispenser-droplet
sofa,canonical,sofa
solar-panel,canonical,solar-panel
sort-asc,deprecated,arrow-up-narrow-wide
sort-desc,deprecated,arrow-down-wide-narrow
soup,canonical,soup
space,canonical,space
spade,canonical,spade
sparkle,canonical,sparkle
sparkles,canonical,sparkles
speaker,canonical,speaker
speech,canonical,speech
spell-check-2,canonical,spell-check-2
spell-check,canonical,spell-check
spline-pointer,canonical,spline-pointer
spline,canonical,spline
split-square-horizontal,deprecated,square-split-horizontal
split-square-vertical,deprecated,square-split-vertical
split,canonical,split
spool,canonical,spool
sport-shoe,canonical,sport-shoe
spotlight,canonical,spotlight
spray-can,canonical,spray-can
sprout,canonical,sprout
square-activity,canonical,square-activity
square-arrow-down-left,canonical,square-arrow-down-left
square-arrow-down-right,canonical,square-arrow-down-right
square-arrow-down,canonical,square-arrow-down
square-arrow-left,canonical,square-arrow-left
square-arrow-out-down-left,canonical,square-arrow-out-down-left
square-arrow-out-down-right,canonical,square-arrow-out-down-right
square-arrow-out-up-left,canonical,square-arrow-out-up-left
square-arrow-out-up-right,canonical,square-arrow-out-up-right
square-arrow-right-enter,canonical,square-arrow-right-enter
square-arrow-right-exit,canonical,square-arrow-right-exit
square-arrow-right,canonical,square-arrow-right
square-arrow-up-left,canonical,square-arrow-up-left
square-arrow-up-right,canonical,square-arrow-up-right
square-arrow-up,canonical,square-arrow-up
square-asterisk,canonical,square-asterisk
square-bottom-dashed-scissors,canonical,square-bottom-dashed-scissors
square-centerline-dashed-horizontal,canonical,square-centerline-dashed-horizontal
square-centerline-dashed-vertical,canonical,square-centerline-dashed-vertical
square-chart-gantt,canonical,square-chart-gantt
square-check-big,canonical,square-check-big
square-check,canonical,square-check
square-chevron-down,canonical,square-chevron-down
square-chevron-left,canonical,square-chevron-left
square-chevron-right,canonical,square-chevron-right
square-chevron-up,canonical,square-chevron-up
square-code,canonical,square-code
square-dashed-bottom-code,canonical,square-dashed-bottom-code
square-dashed-bottom,canonical,square-dashed-bottom
square-dashed-kanban,canonical,square-dashed-kanban
square-dashed-mouse-pointer,canonical,square-dashed-mouse-pointer
square-dashed-text,canonical,square-dashed-text
square-dashed-top-solid,canonical,square-dashed-top-solid
square-dashed,canonical,square-dashed
square-divide,canonical,square-divide
square-dot,canonical,square-dot
square-equal,canonical,square-equal
square-function,canonical,square-function
square-gantt-chart,deprecated,square-chart-gantt
square-kanban,canonical,square-kanban
square-library,canonical,square-library
square-m,canonical,square-m
square-menu,canonical,square-menu
square-minus,canonical,square-minus
square-mouse-pointer,canonical,square-mouse-pointer
square-off,canonical,square-off
square-parking-off,canonical,square-parking-off
square-parking,canonical,square-parking
square-pause,canonical,square-pause
square-pen,canonical,square-pen
square-percent,canonical,square-percent
square-pi,canonical,square-pi
square-pilcrow,canonical,square-pilcrow
square-play,canonical,square-play
square-plus,canonical,square-plus
square-power,canonical,square-power
square-radical,canonical,square-radical
square-round-corner,canonical,square-round-corner
square-scissors,canonical,square-scissors
square-sigma,canonical,square-sigma
square-slash,canonical,square-slash
square-split-horizontal,canonical,square-split-horizontal
square-split-vertical,canonical,square-split-vertical
square-square,canonical,square-square
square-stack,canonical,square-stack
square-star,canonical,square-star
square-stop,canonical,square-stop
square-terminal,canonical,square-terminal
square-user-round,canonical,square-user-round
square-user,canonical,square-user
square-x,canonical,square-x
square,canonical,square
squares-exclude,canonical,squares-exclude
squares-intersect,canonical,squares-intersect
squares-subtract,canonical,squares-subtract
squares-unite,canonical,squares-unite
squircle-dashed,canonical,squircle-dashed
squircle,canonical,squircle
squirrel,canonical,squirrel
stamp,canonical,stamp
star-check,canonical,star-check
star-half,canonical,star-half
star-minus,canonical,star-minus
star-off,canonical,star-off
star-plus,canonical,star-plus
star-x,canonical,star-x
star,canonical,star
stars,deprecated,sparkles
step-back,canonical,step-back
step-forward,canonical,step-forward
stethoscope,canonical,stethoscope
sticker,canonical,sticker
sticky-note-check,canonical,sticky-note-check
sticky-note-minus,canonical,sticky-note-minus
sticky-note-off,canonical,sticky-note-off
sticky-note-plus,canonical,sticky-note-plus
sticky-note-x,canonical,sticky-note-x
sticky-note,canonical,sticky-note
sticky-notes,canonical,sticky-notes
stone,canonical,stone
stop-circle,deprecated,circle-stop
store,canonical,store
stretch-horizontal,canonical,stretch-horizontal
stretch-vertical,canonical,stretch-vertical
strikethrough,canonical,strikethrough
subscript,canonical,subscript
subtitles,deprecated,captions
summary,canonical,summary
sun-dim,canonical,sun-dim
sun-medium,canonical,sun-medium
sun-moon,canonical,sun-moon
sun-snow,canonical,sun-snow
sun,canonical,sun
sunrise,canonical,sunrise
sunset,canonical,sunset
superscript,canonical,superscript
swatch-book,canonical,swatch-book
swiss-franc,canonical,swiss-franc
switch-camera,canonical,switch-camera
sword,canonical,sword
swords,canonical,swords
syringe,canonical,syringe
table-2,canonical,table-2
table-cells-merge,canonical,table-cells-merge
table-cells-split,canonical,table-cells-split
table-columns-split,canonical,table-columns-split
table-config,deprecated,columns-3-cog
table-of-contents,canonical,table-of-contents
table-properties,canonical,table-properties
table-rows-split,canonical,table-rows-split
table,canonical,table
tablet-smartphone,canonical,tablet-smartphone
tablet,canonical,tablet
tablets,canonical,tablets
tag-plus,canonical,tag-plus
tag-x,canonical,tag-x
tag,canonical,tag
tags,canonical,tags
tally-1,canonical,tally-1
tally-2,canonical,tally-2
tally-3,canonical,tally-3
tally-4,canonical,tally-4
tally-5,canonical,tally-5
tangent,canonical,tangent
target,canonical,target
telescope,canonical,telescope
tent-tree,canonical,tent-tree
tent,canonical,tent
terminal-square,deprecated,square-terminal
terminal,canonical,terminal
test-tube-2,deprecated,test-tube-diagonal
test-tube-diagonal,canonical,test-tube-diagonal
test-tube,canonical,test-tube
test-tubes,canonical,test-tubes
text-align-center,canonical,text-align-center
text-align-end,canonical,text-align-end
text-align-justify,canonical,text-align-justify
text-align-start,canonical,text-align-start
text-cursor-input,canonical,text-cursor-input
text-cursor,canonical,text-cursor
text-initial,canonical,text-initial
text-quote,canonical,text-quote
text-search,canonical,text-search
text-select,deprecated,square-dashed-text
text-selection,deprecated,square-dashed-text
text-wrap,canonical,text-wrap
text,deprecated,text-align-start
theater,canonical,theater
thermometer-snowflake,canonical,thermometer-snowflake
thermometer-sun,canonical,thermometer-sun
thermometer,canonical,thermometer
thumbs-down,canonical,thumbs-down
thumbs-up,canonical,thumbs-up
ticket-check,canonical,ticket-check
ticket-minus,canonical,ticket-minus
ticket-percent,canonical,ticket-percent
ticket-plus,canonical,ticket-plus
ticket-slash,canonical,ticket-slash
ticket-x,canonical,ticket-x
ticket,canonical,ticket
tickets-plane,canonical,tickets-plane
tickets,canonical,tickets
timeline,canonical,timeline
timer-off,canonical,timer-off
timer-reset,canonical,timer-reset
timer,canonical,timer
toggle-left,canonical,toggle-left
toggle-right,canonical,toggle-right
toilet,canonical,toilet
tool-case,canonical,tool-case
toolbox,canonical,toolbox
tornado,canonical,tornado
torus,canonical,torus
touchpad-off,canonical,touchpad-off
touchpad,canonical,touchpad
towel-rack,canonical,towel-rack
tower-control,canonical,tower-control
toy-brick,canonical,toy-brick
tractor,canonical,tractor
traffic-cone,canonical,traffic-cone
train-front-tunnel,canonical,train-front-tunnel
train-front,canonical,train-front
train-track,canonical,train-track
train,deprecated,tram-front
tram-front,canonical,tram-front
transgender,canonical,transgender
trash-2,canonical,trash-2
trash,canonical,trash
tree-deciduous,canonical,tree-deciduous
tree-palm,canonical,tree-palm
tree-pine,canonical,tree-pine
trees,canonical,trees
trending-down,canonical,trending-down
trending-up-down,canonical,trending-up-down
trending-up,canonical,trending-up
triangle-alert,canonical,triangle-alert
triangle-dashed,canonical,triangle-dashed
triangle-right,canonical,triangle-right
triangle,canonical,triangle
trophy,canonical,trophy
truck-electric,canonical,truck-electric
truck,canonical,truck
turkish-lira,canonical,turkish-lira
turntable,canonical,turntable
turtle,canonical,turtle
tv-2,deprecated,tv-minimal
tv-minimal-play,canonical,tv-minimal-play
tv-minimal,canonical,tv-minimal
tv,canonical,tv
type-outline,canonical,type-outline
type,canonical,type
umbrella-off,canonical,umbrella-off
umbrella,canonical,umbrella
underline,canonical,underline
undo-2,canonical,undo-2
undo-dot,canonical,undo-dot
undo,canonical,undo
unfold-horizontal,canonical,unfold-horizontal
unfold-vertical,canonical,unfold-vertical
ungroup,canonical,ungroup
university,canonical,university
unlink-2,canonical,unlink-2
unlink,canonical,unlink
unlock-keyhole,deprecated,lock-keyhole-open
unlock,deprecated,lock-open
unplug,canonical,unplug
upload-cloud,deprecated,cloud-upload
upload,canonical,upload
usb,canonical,usb
user-2,deprecated,user-round
user-check-2,deprecated,user-round-check
user-check,canonical,user-check
user-circle-2,deprecated,circle-user-round
user-circle,deprecated,circle-user
user-cog-2,deprecated,user-round-cog
user-cog,canonical,user-cog
user-key,canonical,user-key
user-lock,canonical,user-lock
user-minus-2,deprecated,user-round-minus
user-minus,canonical,user-minus
user-pen,canonical,user-pen
user-plus-2,deprecated,user-round-plus
user-plus,canonical,user-plus
user-round-arrow-left,canonical,user-round-arrow-left
user-round-check,canonical,user-round-check
user-round-cog,canonical,user-round-cog
user-round-key,canonical,user-round-key
user-round-minus,canonical,user-round-minus
user-round-pen,canonical,user-round-pen
user-round-plus,canonical,user-round-plus
user-round-search,canonical,user-round-search
user-round-x,canonical,user-round-x
user-round,canonical,user-round
user-search,canonical,user-search
user-shield,canonical,user-shield
user-square-2,deprecated,square-user-round
user-square,deprecated,square-user
user-star,canonical,user-star
user-x-2,deprecated,user-round-x
user-x,canonical,user-x
user,canonical,user
users-2,deprecated,users-round
users-round,canonical,users-round
users,canonical,users
utensils-crossed,canonical,utensils-crossed
utensils,canonical,utensils
utility-pole,canonical,utility-pole
van,canonical,van
variable,canonical,variable
vault,canonical,vault
vector-square,canonical,vector-square
vegan,canonical,vegan
venetian-mask,canonical,venetian-mask
venus-and-mars,canonical,venus-and-mars
venus,canonical,venus
verified,deprecated,badge-check
vibrate-off,canonical,vibrate-off
vibrate,canonical,vibrate
video-off,canonical,video-off
video,canonical,video
videotape,canonical,videotape
view,canonical,view
voicemail,canonical,voicemail
volleyball,canonical,volleyball
volume-1,canonical,volume-1
volume-2,canonical,volume-2
volume-off,canonical,volume-off
volume-x,canonical,volume-x
volume,canonical,volume
vote,canonical,vote
wallet-2,deprecated,wallet-minimal
wallet-cards,canonical,wallet-cards
wallet-minimal,canonical,wallet-minimal
wallet,canonical,wallet
wallpaper,canonical,wallpaper
wand-2,deprecated,wand-sparkles
wand-sparkles,canonical,wand-sparkles
wand,canonical,wand
warehouse,canonical,warehouse
washing-machine,canonical,washing-machine
watch,canonical,watch
waves-arrow-down,canonical,waves-arrow-down
waves-arrow-up,canonical,waves-arrow-up
waves-horizontal,canonical,waves-horizontal
waves-ladder,canonical,waves-ladder
waves-vertical,canonical,waves-vertical
waves,deprecated,waves-horizontal
waypoints,canonical,waypoints
webcam-off,canonical,webcam-off
webcam,canonical,webcam
webhook-off,canonical,webhook-off
webhook,canonical,webhook
weight-tilde,canonical,weight-tilde
weight,canonical,weight
wheat-off,canonical,wheat-off
wheat,canonical,wheat
whole-word,canonical,whole-word
wifi-cog,canonical,wifi-cog
wifi-high,canonical,wifi-high
wifi-low,canonical,wifi-low
wifi-off,canonical,wifi-off
wifi-pen,canonical,wifi-pen
wifi-sync,canonical,wifi-sync
wifi-zero,canonical,wifi-zero
wifi,canonical,wifi
wind-arrow-down,canonical,wind-arrow-down
wind,canonical,wind
wine-off,canonical,wine-off
wine,canonical,wine
workflow,canonical,workflow
worm,canonical,worm
wrap-text,deprecated,text-wrap
wrench-off,canonical,wrench-off
wrench,canonical,wrench
x-circle,deprecated,circle-x
x-line-top,canonical,x-line-top
x-octagon,deprecated,octagon-x
x-square,deprecated,square-x
x,canonical,x
zap-off,canonical,zap-off
zap,canonical,zap
zodiac-aquarius,canonical,zodiac-aquarius
zodiac-aries,canonical,zodiac-aries
zodiac-cancer,canonical,zodiac-cancer
zodiac-capricorn,canonical,zodiac-capricorn
zodiac-gemini,canonical,zodiac-gemini
zodiac-leo,canonical,zodiac-leo
zodiac-libra,canonical,zodiac-libra
zodiac-ophiuchus,canonical,zodiac-ophiuchus
zodiac-pisces,canonical,zodiac-pisces
zodiac-sagittarius,canonical,zodiac-sagittarius
zodiac-scorpio,canonical,zodiac-scorpio
zodiac-taurus,canonical,zodiac-taurus
zodiac-virgo,canonical,zodiac-virgo
zoom-in,canonical,zoom-in
zoom-out,canonical,zoom-out
